id,chr,start_n,end_n,mt,start_mt,end_mt
NUMT_01.001,1,564461,570304,mt,3911,9755
NUMT_01.002,1,5614806,5614937,mt,9453,9583
NUMT_01.003,1,5910318,5910528,mt,2466,2675
NUMT_01.004,1,8969802,8969967,mt,8040,8205
NUMT_01.005,1,9634687,9634887,mt,907,1117
NUMT_01.006,1,11202904,11202975,mt,12293,12358
NUMT_01.007,1,11485319,11485829,mt,15079,15579
NUMT_01.008,1,18921906,18922120,mt,3901,4114
NUMT_01.009,1,38077348,38077421,mt,8934,9007
NUMT_01.010,1,50482768,50483177,mt,4612,5022
NUMT_01.011,1,55838223,55839324,mt,7302,8454
NUMT_01.012,1,77436934,77437100,mt,16401,16567
NUMT_01.013,1,81546486,81546860,mt,4970,5344
NUMT_01.014,1,94385731,94385970,mt,12639,12884
NUMT_01.015,1,94387537,94387832,mt,12032,12340
NUMT_01.016,1,94389832,94390416,mt,9915,10501
NUMT_01.017,1,94390946,94391630,mt,8524,9217
NUMT_01.018,1,94392191,94392581,mt,7863,8246
NUMT_01.019,1,94393032,94393864,mt,6838,7680
NUMT_01.020,1,94399305,94399832,mt,5566,6109
NUMT_01.021,1,94401962,94403299,mt,1739,3106
NUMT_01.022,1,104163778,104163820,mt,12477,12519
NUMT_01.023,1,107345251,107348712,mt,5855,9328
NUMT_01.024,1,114119380,114119503,mt,13328,13451
NUMT_01.025,1,142790231,142791177,mt,9394,10302
NUMT_01.026,1,142791197,142792537,mt,5613,6982
NUMT_01.027,1,142792601,142793117,mt,987,1507
NUMT_01.028,1,143243224,143243741,mt,987,1507
NUMT_01.029,1,143243808,143245150,mt,5613,6979
NUMT_01.030,1,143245170,143246118,mt,9394,10302
NUMT_01.031,1,143342817,143343249,mt,9394,9825
NUMT_01.032,1,143343269,143344612,mt,5613,6979
NUMT_01.033,1,143344679,143345193,mt,987,1505
NUMT_01.034,1,147332804,147332915,mt,6870,6981
NUMT_01.035,1,169443301,169443396,mt,8462,8557
NUMT_01.036,1,172679671,172679742,mt,5587,5654
NUMT_01.037,1,181391921,181392314,mt,12143,12536
NUMT_01.038,1,190878857,190879190,mt,612,941
NUMT_01.039,1,191930823,191931122,mt,873,1181
NUMT_01.040,1,205444464,205444632,mt,11153,11321
NUMT_01.041,1,212678338,212678414,mt,2623,2699
NUMT_01.042,1,215673139,215673177,mt,9563,9601
NUMT_01.043,1,220628496,220628597,mt,9819,9920
NUMT_01.044,1,227145859,227145939,mt,14422,14502
NUMT_01.045,1,235683320,235684221,mt,14799,15718
NUMT_01.046,1,235700696,235705689,mt,9758,14797
NUMT_01.047,1,238104063,238109665,mt,598,6202
NUMT_01.048,1,238110376,238110609,mt,12,239
NUMT_01.049,1,238110620,238115021,mt,12156,16569
NUMT_01.050,1,240713186,240713317,mt,6158,6289
NUMT_01.051,1,249198582,249198701,mt,596,719
NUMT_02.001,2,9886842,9886994,mt,10205,10358
NUMT_02.002,2,11397042,11397111,mt,2779,2848
NUMT_02.003,2,15661291,15661406,mt,6515,6630
NUMT_02.004,2,22539923,22540120,mt,15255,15452
NUMT_02.005,2,33992538,33992593,mt,1763,1818
NUMT_02.006,2,41012097,41012257,mt,956,1124
NUMT_02.007,2,49456767,49457038,mt,6741,7012
NUMT_02.008,2,50815826,50816553,mt,6270,6998
NUMT_02.009,2,56507601,56507781,mt,16130,16304
NUMT_02.010,2,56692157,56692326,mt,8662,8831
NUMT_02.011,2,63916544,63916755,mt,9555,9766
NUMT_02.012,2,68487872,68488140,mt,5022,5290
NUMT_02.013,2,75290875,75290980,mt,2998,3103
NUMT_02.014,2,81893601,81893852,mt,7859,8110
NUMT_02.015,2,83042103,83047088,mt,11589,16567
NUMT_02.016,2,83047998,83048129,mt,577,708
NUMT_02.017,2,85295928,85296157,mt,6852,7081
NUMT_02.018,2,85952023,85952083,mt,1577,1637
NUMT_02.019,2,88124409,88124884,mt,8314,8789
NUMT_02.020,2,92194473,92194609,mt,3751,3887
NUMT_02.021,2,95564754,95565269,mt,987,1507
NUMT_02.022,2,95565336,95566715,mt,5624,6979
NUMT_02.023,2,95566746,95567703,mt,9394,10302
NUMT_02.024,2,97346576,97346656,mt,724,804
NUMT_02.025,2,103122233,103122288,mt,12291,12345
NUMT_02.026,2,104215184,104215294,mt,724,834
NUMT_02.027,2,109530024,109530152,mt,12426,12553
NUMT_02.028,2,115247929,115248000,mt,13032,13103
NUMT_02.029,2,117508761,117509887,mt,15444,16569
NUMT_02.030,2,117509897,117509945,mt,11,60
NUMT_02.031,2,117777773,117777954,mt,16390,16569
NUMT_02.032,2,117778789,117784603,mt,596,6431
NUMT_02.033,2,120968608,120969851,mt,8505,9755
NUMT_02.034,2,120970237,120973176,mt,9785,12758
NUMT_02.035,2,120973476,120973925,mt,12748,13209
NUMT_02.036,2,120974131,120974803,mt,13247,13922
NUMT_02.037,2,125438296,125438579,mt,12257,12540
NUMT_02.038,2,126568394,126568669,mt,16295,16569
NUMT_02.039,2,126569699,126570116,mt,577,998
NUMT_02.040,2,129848516,129848603,mt,12599,12686
NUMT_02.041,2,131027969,131028112,mt,15391,15534
NUMT_02.042,2,131028134,131028247,mt,3658,3776
NUMT_02.043,2,131029383,131040904,mt,3799,15398
NUMT_02.044,2,132126634,132131332,mt,10654,15398
NUMT_02.045,2,132137039,132137095,mt,10556,10612
NUMT_02.046,2,132137114,132137180,mt,6461,6527
NUMT_02.047,2,132137166,132141275,mt,6380,10552
NUMT_02.048,2,132141270,132143891,mt,3638,6268
NUMT_02.049,2,132143893,132144036,mt,15391,15534
NUMT_02.050,2,133182673,133182748,mt,4148,4223
NUMT_02.051,2,135283936,135284098,mt,14511,14676
NUMT_02.052,2,140974570,140975540,mt,5172,6145
NUMT_02.053,2,140977231,140981791,mt,577,5185
NUMT_02.054,2,140982541,140982809,mt,16295,16562
NUMT_02.055,2,143846227,143846443,mt,2167,2385
NUMT_02.056,2,143847584,143849151,mt,577,2156
NUMT_02.057,2,143849834,143849900,mt,11,76
NUMT_02.058,2,143849910,143856616,mt,9840,16569
NUMT_02.059,2,143856947,143858914,mt,7753,9763
NUMT_02.060,2,148022752,148022840,mt,2760,2848
NUMT_02.061,2,149580559,149580690,mt,16444,16569
NUMT_02.062,2,149639295,149639426,mt,611,742
NUMT_02.063,2,156119971,156121320,mt,4854,6202
NUMT_02.064,2,156167598,156170888,mt,11801,15090
NUMT_02.065,2,167270999,167271233,mt,6585,6833
NUMT_02.066,2,175645678,175645824,mt,9714,9860
NUMT_02.067,2,180604035,180604473,mt,824,1264
NUMT_02.068,2,197299510,197299570,mt,4171,4231
NUMT_02.069,2,202077019,202079728,mt,10412,13131
NUMT_02.070,2,202413991,202415765,mt,7228,9066
NUMT_02.071,2,202417479,202419952,mt,9090,11616
NUMT_02.072,2,202420247,202420950,mt,11607,12326
NUMT_02.073,2,202421825,202422852,mt,12568,13617
NUMT_02.074,2,203478933,203483013,mt,6944,11067
NUMT_02.075,2,203483339,203483595,mt,11082,11338
NUMT_02.076,2,203483606,203483718,mt,10787,10897
NUMT_02.077,2,203483717,203483909,mt,15393,15585
NUMT_02.078,2,203483912,203484760,mt,5766,6610
NUMT_02.079,2,212638506,212638765,mt,2856,3120
NUMT_02.080,2,212639107,212641345,mt,584,2808
NUMT_02.081,2,212641934,212644730,mt,4854,7680
NUMT_02.082,2,216677391,216677513,mt,9538,9660
NUMT_02.083,2,217744440,217744561,mt,12218,12340
NUMT_02.084,2,218439524,218439578,mt,12983,13037
NUMT_02.085,2,220913540,220913992,mt,6054,6506
NUMT_02.086,2,227286419,227286510,mt,2648,2742
NUMT_02.087,2,227586985,227587142,mt,890,1048
NUMT_02.088,2,229893503,229893623,mt,3669,3781
NUMT_02.089,2,236364634,236364891,mt,771,1032
NUMT_02.090,2,238429247,238430420,mt,13048,14223
NUMT_02.091,2,238430426,238430481,mt,13048,13103
NUMT_02.092,2,238430487,238430542,mt,13048,13103
NUMT_02.093,2,238430548,238430603,mt,13048,13103
NUMT_02.094,2,238430609,238430664,mt,13048,13103
NUMT_02.095,2,238430670,238430725,mt,13048,13103
NUMT_02.096,2,238430731,238430786,mt,13048,13103
NUMT_02.097,2,238430792,238430847,mt,13048,13103
NUMT_02.098,2,238430853,238430908,mt,13048,13103
NUMT_02.099,2,238430914,238430969,mt,13048,13103
NUMT_02.100,2,238430975,238431030,mt,13048,13103
NUMT_02.101,2,238431036,238431091,mt,13048,13103
NUMT_02.102,2,238431097,238431152,mt,13048,13103
NUMT_02.103,2,238431158,238431212,mt,13049,13103
NUMT_02.104,2,238431219,238431274,mt,13048,13103
NUMT_02.105,2,238431280,238432552,mt,11797,13103
NUMT_02.106,2,238432615,238432856,mt,10078,10319
NUMT_03.001,3,12206341,12206477,mt,7447,7575
NUMT_03.002,3,12206800,12207133,mt,7086,7438
NUMT_03.003,3,25508995,25509033,mt,10985,11023
NUMT_03.004,3,28376377,28376431,mt,11917,11971
NUMT_03.005,3,29839143,29839386,mt,10401,10643
NUMT_03.006,3,40293638,40295258,mt,1418,3039
NUMT_03.007,3,43270818,43271223,mt,15809,16211
NUMT_03.008,3,63832702,63832776,mt,15560,15634
NUMT_03.009,3,68708101,68708189,mt,16086,16174
NUMT_03.010,3,68708207,68708282,mt,4354,4429
NUMT_03.011,3,68708280,68708438,mt,3058,3216
NUMT_03.012,3,72632451,72632687,mt,9137,9373
NUMT_03.013,3,89635988,89639246,mt,6027,9331
NUMT_03.014,3,96336032,96337354,mt,1396,2718
NUMT_03.015,3,96483980,96484128,mt,6535,6683
NUMT_03.016,3,98563709,98563841,mt,4621,4753
NUMT_03.017,3,106612986,106614747,mt,10577,12340
NUMT_03.018,3,106615140,106617101,mt,8620,10585
NUMT_03.019,3,106617446,106617726,mt,577,858
NUMT_03.020,3,106617734,106619663,mt,12464,14370
NUMT_03.021,3,106619706,106619913,mt,5997,6204
NUMT_03.022,3,106619915,106621369,mt,3349,4822
NUMT_03.023,3,106621370,106622402,mt,1020,2048
NUMT_03.024,3,120440870,120441492,mt,7151,7773
NUMT_03.025,3,122407585,122407651,mt,4705,4771
NUMT_03.026,3,126724319,126724444,mt,6746,6871
NUMT_03.027,3,128708003,128708082,mt,9279,9358
NUMT_03.028,3,150559858,150560014,mt,12429,12585
NUMT_03.029,3,152637483,152637645,mt,5666,5823
NUMT_03.030,3,153376592,153376776,mt,7455,7644
NUMT_03.031,3,160665436,160665830,mt,1919,2314
NUMT_03.032,3,165877691,165877965,mt,11970,12244
NUMT_03.033,3,165878018,165879852,mt,9109,10896
NUMT_03.034,3,165944495,165944590,mt,1970,2065
NUMT_03.035,3,165944910,165945331,mt,1548,1966
NUMT_03.036,3,165945685,165945826,mt,1360,1501
NUMT_03.037,3,165950270,165951045,mt,598,1373
NUMT_03.038,3,169654585,169654656,mt,16404,16475
NUMT_03.039,3,171252212,171252440,mt,6705,6934
NUMT_03.040,3,175934278,175934335,mt,8932,8989
NUMT_03.041,3,176684106,176684224,mt,4227,4349
NUMT_03.042,3,176728508,176728816,mt,13012,13322
NUMT_03.043,3,185776436,185776549,mt,11570,11685
NUMT_03.044,3,187183969,187184039,mt,9178,9248
NUMT_04.001,4,5406266,5406444,mt,16295,16472
NUMT_04.002,4,12641918,12642262,mt,9335,9679
NUMT_04.003,4,14507489,14508104,mt,4613,5233
NUMT_04.004,4,17063500,17063790,mt,13098,13388
NUMT_04.005,4,25719536,25720505,mt,11300,12301
NUMT_04.006,4,25720834,25722679,mt,9440,11293
NUMT_04.007,4,27732046,27732197,mt,2899,3050
NUMT_04.008,4,30886019,30886804,mt,15140,15926
NUMT_04.009,4,41025243,41025306,mt,12197,12259
NUMT_04.010,4,46120166,46120232,mt,11478,11544
NUMT_04.011,4,47774289,47774381,mt,14981,15073
NUMT_04.012,4,49248052,49248700,mt,9485,10141
NUMT_04.013,4,49248777,49248933,mt,10146,10302
NUMT_04.014,4,49550580,49551438,mt,9485,10302
NUMT_04.015,4,56194327,56194457,mt,962,1092
NUMT_04.016,4,65472098,65472313,mt,9169,9384
NUMT_04.017,4,65472603,65472735,mt,115,241
NUMT_04.018,4,65472741,65476259,mt,13036,16561
NUMT_04.019,4,65476261,65477586,mt,9485,10836
NUMT_04.020,4,66931062,66931174,mt,12228,12340
NUMT_04.021,4,68915355,68916164,mt,4757,5582
NUMT_04.022,4,69438209,69438337,mt,7630,7758
NUMT_04.023,4,78929684,78929923,mt,2217,2456
NUMT_04.024,4,79108686,79108750,mt,15116,15180
NUMT_04.025,4,82654543,82655200,mt,14932,15579
NUMT_04.026,4,88597229,88597358,mt,3647,3776
NUMT_04.027,4,90652948,90653168,mt,2856,3075
NUMT_04.028,4,93622976,93623751,mt,2790,3565
NUMT_04.029,4,94738483,94738660,mt,15856,16030
NUMT_04.030,4,108295263,108295374,mt,9205,9316
NUMT_04.031,4,111365749,111365814,mt,8758,8823
NUMT_04.032,4,117217758,117218016,mt,16306,16562
NUMT_04.033,4,117218899,117221468,mt,577,3168
NUMT_04.034,4,129002560,129002937,mt,2003,2388
NUMT_04.035,4,156372787,156387622,mt,661,15564
NUMT_04.036,4,160965748,160965826,mt,13018,13096
NUMT_04.037,4,163342526,163342693,mt,12250,12417
NUMT_04.038,4,164150191,164150301,mt,5759,5865
NUMT_04.039,4,179990591,179990745,mt,7622,7776
NUMT_04.040,4,182158516,182158699,mt,7188,7371
NUMT_04.041,4,186215304,186215367,mt,729,792
NUMT_05.001,5,1370659,1370883,mt,7993,8217
NUMT_05.002,5,5395493,5396050,mt,6597,7153
NUMT_05.003,5,5396082,5397081,mt,6954,7956
NUMT_05.004,5,8618689,8621131,mt,14146,16569
NUMT_05.005,5,8621141,8621372,mt,11,239
NUMT_05.006,5,8622201,8622685,mt,596,1087
NUMT_05.007,5,18457329,18457446,mt,14899,15016
NUMT_05.008,5,29533712,29533784,mt,13373,13445
NUMT_05.009,5,60057366,60057851,mt,3822,4308
NUMT_05.010,5,72535195,72535279,mt,15842,15926
NUMT_05.011,5,73071717,73071757,mt,10802,10842
NUMT_05.012,5,78697265,78697383,mt,15906,16023
NUMT_05.013,5,79945841,79947954,mt,577,2697
NUMT_05.014,5,79948017,79948187,mt,341,512
NUMT_05.015,5,84533368,84533882,mt,15479,16006
NUMT_05.016,5,86483549,86483604,mt,9990,10045
NUMT_05.017,5,93518842,93518972,mt,8413,8543
NUMT_05.018,5,93903161,93906623,mt,12662,16124
NUMT_05.019,5,97013097,97014714,mt,14415,16033
NUMT_05.020,5,97020555,97020982,mt,13893,14322
NUMT_05.021,5,97745398,97747484,mt,5916,7992
NUMT_05.022,5,99381642,99390749,mt,6117,15183
NUMT_05.023,5,105889064,105889233,mt,14660,14829
NUMT_05.024,5,118463094,118463149,mt,2003,2058
NUMT_05.025,5,120366682,120366756,mt,383,457
NUMT_05.026,5,120366881,120367012,mt,577,708
NUMT_05.027,5,121674534,121674668,mt,11855,11989
NUMT_05.028,5,123095897,123096009,mt,128,241
NUMT_05.029,5,123096499,123097460,mt,577,1537
NUMT_05.030,5,134258999,134264217,mt,10269,15487
NUMT_05.031,5,136640789,136640909,mt,9109,9231
NUMT_05.032,5,162436435,162436625,mt,729,918
NUMT_05.033,5,162436625,162436712,mt,10677,10764
NUMT_05.034,5,165957424,165957466,mt,12147,12189
NUMT_05.035,5,170062562,170062630,mt,811,879
NUMT_06.001,6,1706212,1706399,mt,8505,8692
NUMT_06.002,6,5477658,5477719,mt,13240,13301
NUMT_06.003,6,24948063,24948621,mt,7555,8116
NUMT_06.004,6,32673900,32674678,mt,9109,9888
NUMT_06.005,6,42005394,42005464,mt,6155,6225
NUMT_06.006,6,43458905,43459016,mt,16356,16467
NUMT_06.007,6,51851777,51851871,mt,13270,13364
NUMT_06.008,6,62284008,62284534,mt,2408,2934
NUMT_06.009,6,74935199,74935258,mt,3031,3090
NUMT_06.010,6,75528911,75529033,mt,335,457
NUMT_06.011,6,89265011,89265139,mt,8703,8831
NUMT_06.012,6,92436438,92436775,mt,8437,8774
NUMT_06.013,6,92436776,92436895,mt,5508,5626
NUMT_06.014,6,92436881,92437029,mt,10474,10622
NUMT_06.015,6,92437028,92437260,mt,6514,6745
NUMT_06.016,6,95156491,95156823,mt,15478,15811
NUMT_06.017,6,95156823,95157160,mt,4150,4487
NUMT_06.018,6,119480472,119480586,mt,5923,6037
NUMT_06.019,6,125717718,125717902,mt,16103,16282
NUMT_06.020,6,127633272,127633338,mt,6781,6847
NUMT_06.021,6,133120790,133120906,mt,15167,15283
NUMT_06.022,6,133471707,133471971,mt,15392,15654
NUMT_06.023,6,141442094,141442368,mt,16295,16569
NUMT_06.024,6,143398938,143399080,mt,9860,10002
NUMT_06.025,6,145050073,145050339,mt,1357,1617
NUMT_06.026,6,153986707,153990951,mt,7451,11685
NUMT_06.027,6,154837650,154837723,mt,3094,3168
NUMT_06.028,6,156868970,156869187,mt,3163,3380
NUMT_06.029,6,160256626,160256697,mt,9394,9468
NUMT_06.030,6,161982326,161982376,mt,12289,12340
NUMT_06.031,6,169586491,169587783,mt,871,2220
NUMT_07.001,7,22786557,22786832,mt,16295,16569
NUMT_07.002,7,22787143,22788457,mt,14708,16029
NUMT_07.003,7,36268230,36268493,mt,4740,5009
NUMT_07.004,7,37558350,37558438,mt,1012,1100
NUMT_07.005,7,45291563,45291726,mt,2411,2574
NUMT_07.006,7,46228613,46228687,mt,8066,8140
NUMT_07.007,7,57234682,57241904,mt,8301,15614
NUMT_07.008,7,57241945,57242772,mt,15749,16569
NUMT_07.009,7,57253472,57266177,mt,3819,16569
NUMT_07.010,7,57266187,57266237,mt,11,60
NUMT_07.011,7,62647443,62647508,mt,8758,8823
NUMT_07.012,7,63564472,63567737,mt,8662,11979
NUMT_07.013,7,63567835,63572963,mt,3430,8642
NUMT_07.014,7,63572971,63573069,mt,3094,3191
NUMT_07.015,7,67092819,67093340,mt,9017,9514
NUMT_07.016,7,67562723,67562854,mt,7181,7312
NUMT_07.017,7,67563101,67563339,mt,7303,7540
NUMT_07.018,7,67731307,67731529,mt,11307,11529
NUMT_07.019,7,67731565,67731846,mt,11126,11407
NUMT_07.020,7,68201515,68201620,mt,12961,13066
NUMT_07.021,7,68794967,68795198,mt,8510,8741
NUMT_07.022,7,68795578,68796435,mt,7515,8396
NUMT_07.023,7,68796727,68797712,mt,6548,7532
NUMT_07.024,7,68798010,68798990,mt,5513,6553
NUMT_07.025,7,68799290,68799581,mt,5233,5525
NUMT_07.026,7,110725457,110725542,mt,5646,5731
NUMT_07.027,7,112012701,112015635,mt,13065,16031
NUMT_07.028,7,115946413,115946556,mt,1039,1184
NUMT_07.029,7,116903603,116903933,mt,5217,5551
NUMT_07.030,7,116903988,116904440,mt,11048,11504
NUMT_07.031,7,116904449,116904584,mt,15578,15713
NUMT_07.032,7,118536951,118537138,mt,1012,1204
NUMT_07.033,7,132960211,132960409,mt,15590,15788
NUMT_07.034,7,140872844,140873013,mt,12562,12731
NUMT_07.035,7,141501137,141504465,mt,3292,6623
NUMT_07.036,7,141504769,141505330,mt,2740,3300
NUMT_07.037,7,142372295,142372523,mt,11,241
NUMT_07.038,7,142373012,142375525,mt,577,3093
NUMT_07.039,7,145694423,145694525,mt,1610,1712
NUMT_07.040,7,146750137,146750262,mt,12426,12551
NUMT_07.041,7,149829090,149829249,mt,14333,14492
NUMT_07.042,7,151122356,151122413,mt,2530,2587
NUMT_07.043,7,153665748,153665905,mt,14333,14490
NUMT_07.044,7,154866327,154866472,mt,7760,7908
NUMT_08.001,8,13210906,13211030,mt,11064,11188
NUMT_08.002,8,15914513,15914621,mt,14394,14502
NUMT_08.003,8,18058425,18058854,mt,10332,10768
NUMT_08.004,8,18706772,18707218,mt,14793,15239
NUMT_08.005,8,20408707,20408917,mt,8666,8876
NUMT_08.006,8,26808791,26808967,mt,4119,4297
NUMT_08.007,8,27760762,27761236,mt,14523,14997
NUMT_08.008,8,32663403,32663485,mt,12257,12340
NUMT_08.009,8,32868127,32868238,mt,16459,16569
NUMT_08.010,8,32868248,32868314,mt,11,76
NUMT_08.011,8,32868968,32873384,mt,581,5080
NUMT_08.012,8,32874179,32874773,mt,5109,5721
NUMT_08.013,8,36135128,36137214,mt,13936,16024
NUMT_08.014,8,37210841,37210926,mt,2648,2733
NUMT_08.015,8,39928109,39928171,mt,806,868
NUMT_08.016,8,39928167,39928206,mt,866,905
NUMT_08.017,8,47738860,47739741,mt,4246,5133
NUMT_08.018,8,47739824,47742672,mt,656,3521
NUMT_08.019,8,47747644,47747745,mt,577,674
NUMT_08.020,8,47748492,47750649,mt,14424,16569
NUMT_08.021,8,49313247,49313341,mt,12969,13063
NUMT_08.022,8,49313353,49313465,mt,13940,14052
NUMT_08.023,8,53664303,53664517,mt,15175,15388
NUMT_08.024,8,68493099,68496109,mt,13555,16569
NUMT_08.025,8,68496422,68499321,mt,10633,13562
NUMT_08.026,8,68499331,68500658,mt,8510,9827
NUMT_08.027,8,70015208,70015581,mt,5239,5612
NUMT_08.028,8,73897932,73898089,mt,625,782
NUMT_08.029,8,77113982,77114374,mt,2270,2661
NUMT_08.030,8,77557692,77557904,mt,1522,1735
NUMT_08.031,8,79194449,79194703,mt,4667,4923
NUMT_08.032,8,98920265,98920383,mt,8806,8924
NUMT_08.033,8,100508098,100508181,mt,14861,14944
NUMT_08.034,8,104094191,104094312,mt,16444,16563
NUMT_08.035,8,104094915,104096583,mt,581,2340
NUMT_08.036,8,104096993,104098929,mt,2445,4372
NUMT_08.037,8,104099228,104099766,mt,4362,4896
NUMT_08.038,8,104100643,104101158,mt,5516,6037
NUMT_08.039,8,104101654,104102856,mt,6094,7324
NUMT_08.040,8,111093766,111093895,mt,16435,16563
NUMT_08.041,8,111945473,111947595,mt,5089,7195
NUMT_08.042,8,112260876,112261137,mt,14973,15235
NUMT_08.043,8,112261340,112261616,mt,16295,16569
NUMT_08.044,8,121236552,121236679,mt,6882,7009
NUMT_08.045,8,134527748,134528087,mt,10163,10506
NUMT_08.046,8,134767050,134768860,mt,4864,6678
NUMT_08.047,8,140663696,140664061,mt,12846,13214
NUMT_09.001,9,5091067,5092005,mt,13704,14700
NUMT_09.002,9,5092087,5098698,mt,1286,7946
NUMT_09.003,9,5098996,5100917,mt,7932,9890
NUMT_09.004,9,5107046,5110735,mt,9881,13610
NUMT_09.005,9,18336655,18336731,mt,2464,2540
NUMT_09.006,9,18826066,18826126,mt,6594,6654
NUMT_09.007,9,33655901,33655966,mt,11,76
NUMT_09.008,9,33656612,33659128,mt,577,3093
NUMT_09.009,9,33916478,33916739,mt,15515,15774
NUMT_09.010,9,34999141,34999507,mt,16101,16479
NUMT_09.011,9,42779850,42779993,mt,3748,3891
NUMT_09.012,9,66931106,66931249,mt,3748,3891
NUMT_09.013,9,69749493,69749636,mt,3748,3891
NUMT_09.014,9,70116186,70116329,mt,3748,3891
NUMT_09.015,9,70366639,70366782,mt,3748,3891
NUMT_09.016,9,80579770,80580260,mt,13856,14352
NUMT_09.017,9,81355927,81357734,mt,4396,6214
NUMT_09.018,9,81358003,81358424,mt,581,1008
NUMT_09.019,9,81359143,81359193,mt,11,60
NUMT_09.020,9,81359203,81359358,mt,16414,16569
NUMT_09.021,9,81425781,81425888,mt,3811,3920
NUMT_09.022,9,83178469,83180837,mt,4613,6990
NUMT_09.023,9,85042262,85043030,mt,9109,9888
NUMT_09.024,9,93198043,93198119,mt,5028,5104
NUMT_09.025,9,94871200,94871972,mt,9109,9888
NUMT_09.026,9,94872268,94874052,mt,9880,11699
NUMT_09.027,9,95301345,95301968,mt,5427,6022
NUMT_09.028,9,98639391,98639440,mt,10401,10449
NUMT_09.029,9,104555736,104556159,mt,9938,10361
NUMT_09.030,9,105827691,105827894,mt,13836,14039
NUMT_09.031,9,112062509,112062724,mt,4864,5080
NUMT_09.032,9,112063144,112063423,mt,5169,5455
NUMT_09.033,9,132641136,132641210,mt,2767,2841
NUMT_09.034,9,136282436,136282552,mt,1797,1913
NUMT_10.001,10,2277883,2278054,mt,13012,13184
NUMT_10.002,10,20035566,20036099,mt,2310,2844
NUMT_10.003,10,20036120,20036445,mt,3226,3557
NUMT_10.004,10,20036447,20037579,mt,4187,5305
NUMT_10.005,10,21093219,21093505,mt,3676,3962
NUMT_10.006,10,21130300,21130473,mt,9623,9796
NUMT_10.007,10,25927446,25927520,mt,2606,2680
NUMT_10.008,10,27162190,27162334,mt,2515,2659
NUMT_10.009,10,28165677,28165738,mt,1552,1613
NUMT_10.010,10,30854197,30854269,mt,7142,7217
NUMT_10.011,10,33312027,33312154,mt,10737,10864
NUMT_10.012,10,36503827,36503943,mt,1345,1459
NUMT_10.013,10,36721804,36724090,mt,11657,13948
NUMT_10.014,10,37889725,37891902,mt,1701,3875
NUMT_10.015,10,39054944,39055084,mt,3751,3891
NUMT_10.016,10,42705973,42706113,mt,3751,3891
NUMT_10.017,10,46843072,46843510,mt,577,1015
NUMT_10.018,10,47323877,47324315,mt,577,1015
NUMT_10.019,10,49032828,49033266,mt,577,1015
NUMT_10.020,10,57357578,57359841,mt,577,2817
NUMT_10.021,10,57360133,57360493,mt,2801,3165
NUMT_10.022,10,70915071,70915182,mt,8094,8205
NUMT_10.023,10,71349635,71353116,mt,5472,9034
NUMT_10.024,10,71353775,71354688,mt,4503,5433
NUMT_10.025,10,71355014,71356206,mt,3293,4488
NUMT_10.026,10,81170982,81171049,mt,5805,5871
NUMT_10.027,10,91546381,91546867,mt,12507,12997
NUMT_10.028,10,96533929,96534385,mt,11309,11765
NUMT_10.029,10,96700016,96700878,mt,11309,12175
NUMT_10.030,10,98410666,98410789,mt,11513,11638
NUMT_10.031,10,101817140,101817672,mt,8281,8813
NUMT_10.032,10,114654337,114654449,mt,346,459
NUMT_10.033,10,121597520,121597692,mt,3359,3530
NUMT_10.034,10,127508367,127508506,mt,5744,5891
NUMT_10.035,10,131929400,131929468,mt,4355,4423
NUMT_11.001,11,6523133,6523260,mt,2856,2987
NUMT_11.002,11,10529434,10531827,mt,577,2972
NUMT_11.003,11,11261524,11261721,mt,13153,13355
NUMT_11.004,11,31576656,31576852,mt,16194,16387
NUMT_11.005,11,37563076,37563171,mt,2587,2685
NUMT_11.006,11,37563381,37563610,mt,2907,3154
NUMT_11.007,11,39787796,39788787,mt,6810,7804
NUMT_11.008,11,47345535,47345732,mt,13255,13452
NUMT_11.009,11,48994505,48995015,mt,3381,3891
NUMT_11.010,11,49834071,49834576,mt,3381,3891
NUMT_11.011,11,55040962,55041460,mt,3390,3887
NUMT_11.012,11,63954775,63954943,mt,16402,16569
NUMT_11.013,11,73221706,73221868,mt,6642,6804
NUMT_11.014,11,74278043,74278181,mt,15892,16028
NUMT_11.015,11,76967404,76967587,mt,15071,15258
NUMT_11.016,11,77307220,77307301,mt,10822,10903
NUMT_11.017,11,81262616,81268377,mt,9820,15585
NUMT_11.018,11,87524440,87524999,mt,596,1163
NUMT_11.019,11,87525012,87525620,mt,15863,16475
NUMT_11.020,11,87525925,87527366,mt,14414,15879
NUMT_11.021,11,89641709,89642219,mt,3381,3891
NUMT_11.022,11,89668661,89669171,mt,3381,3891
NUMT_11.023,11,89831300,89831441,mt,3751,3895
NUMT_11.024,11,103272744,103280305,mt,2057,9778
NUMT_11.025,11,103280391,103281850,mt,577,2040
NUMT_11.026,11,110747716,110747875,mt,15452,15611
NUMT_11.027,11,122874314,122874385,mt,14660,14731
NUMT_11.028,11,123010593,123011094,mt,15332,15833
NUMT_11.029,11,125721826,125721936,mt,5917,6031
NUMT_11.030,11,125785411,125785481,mt,12538,12608
NUMT_11.031,11,127936427,127936478,mt,5677,5728
NUMT_12.001,12,4341804,4341858,mt,4118,4172
NUMT_12.002,12,7772911,7773193,mt,5688,5959
NUMT_12.003,12,7790010,7790241,mt,6767,6998
NUMT_12.004,12,7799468,7799682,mt,6297,6511
NUMT_12.005,12,9475304,9475582,mt,6136,6418
NUMT_12.006,12,9561393,9561668,mt,6136,6418
NUMT_12.007,12,22158766,22158870,mt,1722,1826
NUMT_12.008,12,26725475,26725700,mt,5511,5732
NUMT_12.009,12,31168380,31168611,mt,6136,6371
NUMT_12.010,12,31399642,31400696,mt,13462,14520
NUMT_12.011,12,31400998,31401907,mt,14511,15429
NUMT_12.012,12,31402048,31402172,mt,15488,15612
NUMT_12.013,12,40680091,40680463,mt,6639,7012
NUMT_12.014,12,41757437,41757525,mt,3791,3879
NUMT_12.015,12,42092360,42094053,mt,3376,5099
NUMT_12.016,12,50211122,50211285,mt,4259,4423
NUMT_12.017,12,63167790,63167857,mt,4241,4308
NUMT_12.018,12,108572113,108572486,mt,14762,15138
NUMT_12.019,12,114610224,114610285,mt,13489,13550
NUMT_12.020,12,127067855,127067915,mt,4417,4477
NUMT_12.021,12,127067913,127067962,mt,4417,4466
NUMT_12.022,12,127067960,127068009,mt,4417,4466
NUMT_12.023,12,127068007,127068056,mt,4417,4466
NUMT_12.024,12,127068054,127068103,mt,4417,4466
NUMT_12.025,12,127068101,127068150,mt,4417,4466
NUMT_12.026,12,127068148,127068197,mt,4417,4466
NUMT_12.027,12,127068195,127068244,mt,4417,4466
NUMT_12.028,12,127068242,127068291,mt,4417,4466
NUMT_12.029,12,127068289,127068338,mt,4417,4466
NUMT_12.030,12,127068336,127068385,mt,4417,4466
NUMT_12.031,12,127068383,127068432,mt,4417,4466
NUMT_12.032,12,127068430,127068479,mt,4417,4466
NUMT_12.033,12,127068477,127068526,mt,4417,4466
NUMT_12.034,12,127068524,127068573,mt,4417,4466
NUMT_12.035,12,127068571,127068620,mt,4417,4466
NUMT_12.036,12,127068618,127068667,mt,4417,4466
NUMT_12.037,12,127068665,127068714,mt,4417,4466
NUMT_12.038,12,127068712,127068761,mt,4417,4466
NUMT_12.039,12,127068759,127068808,mt,4417,4466
NUMT_12.040,12,127068806,127068855,mt,4417,4466
NUMT_12.041,12,127068853,127068942,mt,4377,4466
NUMT_12.042,12,130800144,130800346,mt,12142,12344
NUMT_13.001,13,22687328,22687454,mt,10084,10210
NUMT_13.002,13,24339953,24340072,mt,15813,15932
NUMT_13.003,13,24340073,24340224,mt,9354,9505
NUMT_13.004,13,32767477,32767621,mt,6785,6925
NUMT_13.005,13,36639628,36639833,mt,4210,4415
NUMT_13.006,13,41342484,41342558,mt,9519,9593
NUMT_13.007,13,48144978,48145263,mt,2095,2385
NUMT_13.008,13,50561080,50561257,mt,2489,2668
NUMT_13.009,13,54465722,54465886,mt,13012,13177
NUMT_13.010,13,56545768,56545893,mt,5105,5230
NUMT_13.011,13,57262610,57262783,mt,2898,3071
NUMT_13.012,13,57778515,57779038,mt,7815,8369
NUMT_13.013,13,76166375,76166543,mt,9871,10039
NUMT_13.014,13,85094391,85096308,mt,10906,12783
NUMT_13.015,13,85096692,85098200,mt,12787,14300
NUMT_13.016,13,89223906,89224465,mt,13261,13826
NUMT_13.017,13,96344795,96345082,mt,13051,13340
NUMT_13.018,13,96345376,96348707,mt,13327,16569
NUMT_13.019,13,96348717,96348767,mt,11,60
NUMT_13.020,13,97349939,97350084,mt,7472,7617
NUMT_13.021,13,107711179,107711220,mt,11077,11118
NUMT_13.022,13,110076472,110076727,mt,982,1237
NUMT_14.001,14,23895673,23895740,mt,2011,2079
NUMT_14.002,14,32953304,32954324,mt,5583,6606
NUMT_14.003,14,52054086,52054483,mt,577,977
NUMT_14.004,14,84053686,84055455,mt,577,2350
NUMT_14.005,14,84637688,84639184,mt,1827,3314
NUMT_14.006,14,84639187,84640144,mt,11367,12333
NUMT_14.007,14,84640148,84642035,mt,12427,14322
NUMT_14.008,14,84642353,84643426,mt,14333,15411
NUMT_14.009,14,95665570,95665684,mt,8718,8832
NUMT_15.001,15,34686795,34687192,mt,9654,10051
NUMT_15.002,15,34833016,34833413,mt,9654,10051
NUMT_15.003,15,35688443,35688613,mt,3799,3971
NUMT_15.004,15,39493574,39493705,mt,11039,11169
NUMT_15.005,15,40425971,40427415,mt,11684,13134
NUMT_15.006,15,41449373,41449498,mt,11660,11785
NUMT_15.007,15,46633589,46633796,mt,12980,13187
NUMT_15.008,15,48766103,48766190,mt,13205,13292
NUMT_15.009,15,58082416,58082474,mt,11360,11418
NUMT_15.010,15,58442495,58443771,mt,9720,11019
NUMT_15.011,15,58443803,58444808,mt,11228,12237
NUMT_15.012,15,58444931,58448765,mt,12465,16371
NUMT_15.013,15,67333249,67333291,mt,2174,2216
NUMT_15.014,15,88634588,88634639,mt,5385,5436
NUMT_16.001,16,3417483,3419297,mt,5855,7686
NUMT_16.002,16,3419618,3421388,mt,2823,4595
NUMT_16.003,16,3421716,3422332,mt,2195,2817
NUMT_16.004,16,3422637,3422740,mt,2107,2209
NUMT_16.005,16,7079728,7079786,mt,3011,3069
NUMT_16.006,16,10812340,10813870,mt,14492,16029
NUMT_16.007,16,10813943,10819175,mt,8505,13747
NUMT_16.008,16,14085783,14085856,mt,10380,10452
NUMT_16.009,16,20732370,20733723,mt,12220,13574
NUMT_16.010,16,49100511,49100654,mt,10458,10613
NUMT_16.011,16,69392573,69392752,mt,12197,12370
NUMT_16.012,16,70716615,70716669,mt,2653,2707
NUMT_16.013,16,82153531,82153791,mt,16304,16562
NUMT_16.014,16,82154094,82156214,mt,13904,16029
NUMT_16.015,16,83706625,83707118,mt,16086,16569
NUMT_17.001,17,18886741,18886828,mt,8790,8876
NUMT_17.002,17,18889501,18889665,mt,8691,8858
NUMT_17.003,17,19500849,19501124,mt,16296,16569
NUMT_17.004,17,19501874,19503387,mt,577,2097
NUMT_17.005,17,19503699,19504273,mt,2084,2665
NUMT_17.006,17,19504577,19505197,mt,2656,3274
NUMT_17.007,17,19505527,19506842,mt,3261,4595
NUMT_17.008,17,19507168,19507472,mt,4612,4919
NUMT_17.009,17,19507793,19509246,mt,4936,6392
NUMT_17.010,17,19649707,19649807,mt,11797,11900
NUMT_17.011,17,22018521,22020726,mt,14365,16569
NUMT_17.012,17,22020727,22021181,mt,1,458
NUMT_17.013,17,22021365,22031841,mt,577,11112
NUMT_17.014,17,22031838,22032092,mt,14327,14582
NUMT_17.015,17,27301366,27301444,mt,13122,13200
NUMT_17.016,17,33981890,33982213,mt,2265,2594
NUMT_17.017,17,42075084,42075151,mt,10143,10210
NUMT_17.018,17,51183094,51183746,mt,6818,7470
NUMT_17.019,17,52980462,52980535,mt,12265,12339
NUMT_17.020,17,59204689,59204762,mt,12009,12082
NUMT_17.021,17,61470716,61470946,mt,9339,9569
NUMT_17.022,17,66934855,66935264,mt,9870,10291
NUMT_17.023,17,78591376,78591422,mt,6903,6949
NUMT_18.001,18,2842198,2842352,mt,14381,14536
NUMT_18.002,18,14136790,14136856,mt,7573,7639
NUMT_18.003,18,45379606,45379808,mt,7975,8177
NUMT_18.004,18,48195898,48196248,mt,11267,11620
NUMT_18.005,18,59541786,59542143,mt,934,1300
NUMT_18.006,18,61822121,61822301,mt,16291,16472
NUMT_19.001,19,12206468,12207149,mt,4215,4905
NUMT_19.002,19,12215699,12216106,mt,2420,2842
NUMT_19.003,19,12315005,12315359,mt,3660,4041
NUMT_19.004,19,12613952,12614583,mt,4794,5430
NUMT_19.005,19,12616466,12616820,mt,7894,8246
NUMT_19.006,19,12618365,12618917,mt,8722,9280
NUMT_19.007,19,28232717,28232786,mt,832,905
NUMT_19.008,19,30513241,30513312,mt,987,1058
NUMT_19.009,19,38061395,38062117,mt,11047,11763
NUMT_19.010,19,38062716,38062814,mt,12222,12321
NUMT_19.011,19,38063548,38063666,mt,12218,12338
NUMT_19.012,19,38063793,38064420,mt,12511,13124
NUMT_19.013,19,38064779,38065519,mt,13171,13925
NUMT_19.014,19,38067158,38068626,mt,581,2055
NUMT_19.015,19,38070516,38071401,mt,6323,7255
NUMT_19.016,19,42694854,42695088,mt,7086,7320
NUMT_19.017,19,44650581,44650662,mt,3744,3825
NUMT_19.018,19,57202369,57202534,mt,14330,14488
NUMT_19.019,19,57202875,57203180,mt,13994,14300
NUMT_19.020,19,57433369,57433792,mt,11917,12340
NUMT_20.001,20,2169055,2169129,mt,3080,3155
NUMT_20.002,20,4709562,4709664,mt,651,753
NUMT_20.003,20,5945826,5946149,mt,6171,6502
NUMT_20.004,20,9149571,9149612,mt,2180,2221
NUMT_20.005,20,13147959,13148001,mt,3500,3542
NUMT_20.006,20,33276467,33276839,mt,9655,10036
NUMT_20.007,20,55639110,55639179,mt,12962,13031
NUMT_20.008,20,55932464,55936110,mt,577,4281
NUMT_20.009,20,58989452,58989923,mt,7710,8181
NUMT_21.001,21,9569089,9569229,mt,3751,3891
NUMT_21.002,21,9733152,9734100,mt,9394,10302
NUMT_21.003,21,9734120,9735457,mt,5613,6979
NUMT_21.004,21,9735524,9736038,mt,987,1505
NUMT_21.005,21,10492883,10493042,mt,5737,5896
NUMT_21.006,21,15393901,15393967,mt,7573,7639
NUMT_21.007,21,17842740,17842836,mt,4942,5038
NUMT_21.008,21,26303695,26303791,mt,13375,13471
NUMT_21.009,21,37262572,37263756,mt,5225,6445
NUMT_21.010,21,40982932,40983108,mt,15856,16029
NUMT_21.011,21,43826820,43827042,mt,4884,5111
NUMT_21.012,21,45890558,45890811,mt,15175,15430
NUMT_21.013,21,45891982,45892378,mt,14762,15171
NUMT_21.014,21,45892713,45893026,mt,14426,14741
NUMT_21.015,21,45893538,45893774,mt,13987,14233
NUMT_21.016,21,45894093,45894346,mt,13397,13653
NUMT_21.017,21,45894395,45895058,mt,12258,12956
NUMT_21.018,21,46796103,46796299,mt,5995,6191
NUMT_22.001,22,17357114,17357254,mt,3751,3891
NUMT_22.002,22,24347986,24348398,mt,3604,4016
NUMT_22.003,22,24349236,24349718,mt,4003,4477
NUMT_22.004,22,33290869,33291209,mt,14774,15115
NUMT_22.005,22,36281719,36281765,mt,6181,6227
NUMT_22.006,22,36568475,36569036,mt,7090,7640
NUMT_22.007,22,36569486,36570722,mt,7753,9020
NUMT_22.008,22,36571169,36571906,mt,9163,9885
NUMT_22.009,22,36571945,36572114,mt,15419,15588
NUMT_22.010,22,36572242,36572729,mt,15544,16029
NUMT_22.011,22,36573016,36573291,mt,16294,16569
NUMT_22.012,22,36573880,36574574,mt,578,1264
NUMT_22.013,22,36574577,36574801,mt,3719,3940
NUMT_22.014,22,36575112,36575597,mt,3934,4421
NUMT_22.015,22,42160961,42161029,mt,7298,7366
NUMT_22.016,22,46866163,46866230,mt,12643,12710
NUMT_22.017,22,50524593,50524822,mt,667,898
NUMT_X.001,X,3977625,3977886,mt,12086,12340
NUMT_X.002,X,5086878,5088813,mt,14071,16005
NUMT_X.003,X,9773688,9773853,mt,12910,13075
NUMT_X.004,X,15745854,15746044,mt,6501,6691
NUMT_X.005,X,22478060,22478129,mt,7288,7357
NUMT_X.006,X,24074381,24074577,mt,2731,2925
NUMT_X.007,X,26842940,26843125,mt,1557,1751
NUMT_X.008,X,53410927,53411093,mt,11156,11329
NUMT_X.009,X,55064986,55065079,mt,2613,2707
NUMT_X.010,X,55204668,55210459,mt,577,6406
NUMT_X.011,X,62059096,62061287,mt,577,2748
NUMT_X.012,X,62061482,62063615,mt,2801,4906
NUMT_X.013,X,69340060,69341347,mt,14724,16023
NUMT_X.014,X,69344284,69344844,mt,14073,14641
NUMT_X.015,X,69345689,69346654,mt,12654,13677
NUMT_X.016,X,69346976,69347799,mt,11797,12644
NUMT_X.017,X,69348789,69348946,mt,11612,11766
NUMT_X.018,X,83658934,83659029,mt,14858,14953
NUMT_X.019,X,87108383,87108467,mt,8295,8381
NUMT_X.020,X,101263779,101264170,mt,14439,14829
NUMT_X.021,X,101265279,101266748,mt,598,2064
NUMT_X.022,X,101267306,101267378,mt,2081,2154
NUMT_X.023,X,102027481,102027625,mt,2885,3027
NUMT_X.024,X,102027924,102028199,mt,3017,3300
NUMT_X.025,X,102040666,102042128,mt,3376,4868
NUMT_X.026,X,102042855,102043300,mt,4968,5417
NUMT_X.027,X,102051172,102051396,mt,6928,7156
NUMT_X.028,X,102051762,102052148,mt,7185,7571
NUMT_X.029,X,102052781,102053866,mt,7971,9079
NUMT_X.030,X,102054397,102054819,mt,9109,9547
NUMT_X.031,X,102055049,102055864,mt,11046,11884
NUMT_X.032,X,102057841,102057969,mt,12208,12337
NUMT_X.033,X,102059569,102062871,mt,12610,16006
NUMT_X.034,X,102063179,102063442,mt,16304,16569
NUMT_X.035,X,102064050,102065228,mt,581,1795
NUMT_X.036,X,110660219,110660301,mt,3700,3782
NUMT_X.037,X,110660303,110660389,mt,2985,3075
NUMT_X.038,X,125605687,125606435,mt,6553,7302
NUMT_X.039,X,125606450,125606718,mt,684,953
NUMT_X.040,X,125606714,125607267,mt,10606,11159
NUMT_X.041,X,125863025,125864915,mt,14679,16569
NUMT_X.042,X,125865705,125865832,mt,577,703
NUMT_X.043,X,135154990,135155148,mt,16297,16454
NUMT_X.044,X,135312017,135312092,mt,11468,11543
NUMT_X.045,X,142517721,142519330,mt,577,2216
NUMT_X.046,X,142519488,142519895,mt,2289,2699
NUMT_X.047,X,142520234,142521912,mt,2714,4423
NUMT_X.048,X,142522269,142522941,mt,4414,5088
NUMT_X.049,X,142631635,142631688,mt,11075,11128
NUMT_X.050,X,145823050,145823122,mt,6082,6154
NUMT_Y.001,Y,4212822,4212892,mt,1272,1342
NUMT_Y.002,Y,8231603,8233329,mt,14274,16017
NUMT_Y.003,Y,8234669,8235240,mt,596,1175
NUMT_Y.004,Y,8237560,8239854,mt,1159,3458
NUMT_Y.005,Y,8239879,8240755,mt,4057,4959
NUMT_Y.006,Y,8979505,8979570,mt,6499,6564
NUMT_Y.007,Y,13287774,13288729,mt,9386,10302
NUMT_Y.008,Y,13288742,13290087,mt,5613,6982
NUMT_Y.009,Y,13290151,13290667,mt,987,1507
NUMT_Y.010,Y,13601100,13601240,mt,3751,3891
NUMT_Y.011,Y,16180036,16180168,mt,13790,13923
NUMT_Y.012,Y,21033988,21034133,mt,15566,15711
